question,answer
What is the top forecasted department?,Top forecasted store is 12 with 22240.6 units. Top department is Seasonal with 110079.7 forecast units.
Which sites should we prioritize for expansion?,"Top selected candidate sites:
 candidate_site_id   region  projected_value_index    rent_cost
                17 Prairies               1.663628 33454.022911
                24 Prairies               1.654722 40664.053774"
What does assortment health mean?,"Retrieved policy guidance:

[assortment_health_guide.txt] similarity=0.371
Assortment Health Guide:
Assortment health reflects how effectively active SKUs are converting into sales.
Useful indicators include active SKU ratio, sales per active SKU, SKU turnover, and productivity signals.

[model_monitoring_guide.txt] similarity=0.249
Model Monitoring Guide:
Drift is assessed using statistical tests on key features such as lag demand, assortment health,
and price distribution. Retraining should be considered when important monitored features drift materially."
Which SKUs need reorder attention?,"Top reorder recommendations:
 store_id  sku_id  recommended_reorder_qty  urgent_reorder_flag
       25      15                   1470.0                    1
       12      31                   1336.0                    1
       25      47                   1320.0                    1
       12       5                   1302.0                    1
       12      42                   1284.0                    1"
Should the model be retrained?,"Retraining / monitoring summary:
              metric                   value
           triggered                   False
      trigger_reason                        
retrained_model_name                        
       candidate_mae                     nan
current_champion_mae       2.857676956866885
relative_improvement                     nan
            promoted                   False
   deployment_action No retraining triggered"
